{
  "students": [
    {
      "id": 1,
      "student_name": "stude",
      "roll_number": 123,
      "father_name": "fathe",
      "cnic": "1234",
      "D_O_B": "1-2-5",
      "email": "asd@a.com",
      "password": "1234",
      "phone_number": "098764322",
      "course_1": "PSDC-1",
      "deleted_at": null
    },
    {
      "id": 2,
      "student_name": "gisek57794",
      "father_name": "eas",
      "roll_number": "312",
      "D_O_B": "12-12-2323",
      "cnic": "42401-8125883-5",
      "phone_number": "1970-2584068",
      "email": "gisek57794@cristout.com",
      "password": "1234",
      "course_1": "Shopify",
      "deleted_at": null
    },
    {
      "id": 3,
      "student_name": "nn",
      "father_name": "kjl",
      "roll_number": "12",
      "D_O_B": "12-12-1212",
      "cnic": "54645-5418856-1",
      "phone_number": "5455-1123456",
      "email": "areeb@f.com",
      "password": "1234",
      "course_1": "PSDC-2",
      "deleted_at": null
    }
  ]
}