{
  "students": [
    {
      "id": 1,
      "student_name": "stude",
      "roll_number": 123,
      "father_name": "fathe",
      "cnic": "1234",
      "D_O_B": "1-2-5",
      "email": "asd@a.com",
      "password": "1234",
      "phone_number": "098764322",
      "course": "PSDC-1"
    },
    {
      "id": 2,
      "student_name": "gisek57794",
      "father_name": "eas",
      "roll_number": "312",
      "D_O_B": "12-12-2323",
      "cnic": "42401-8125883-5",
      "phone_number": "1970-2584068",
      "email": "gisek57794@cristout.com",
      "password": "1234",
      "course": "Shopify"
    },
    {
      "id": 3,
      "student_name": "nn",
      "father_name": "kjl",
      "roll_number": "12",
      "D_O_B": "12-12-1212",
      "cnic": "54645-5418856-1",
      "phone_number": "5455-1123456",
      "email": "areeb@f.com",
      "password": "1234",
      "course": "PSDC-2"
    },
    {
      "id": 4,
      "student_name": "Muhammad Ammar",
      "father_name": "shamim",
      "D_O_B": "07-08-2007",
      "cnic": "40402-5249852-2",
      "phone_number": "0389-6596863",
      "email": "noma@techpark.com",
      "password": "1234",
      "course": "PSDC-2",
      "deleted_at": null
    },
    {
      "id": 5,
      "student_name": "Ammar",
      "father_name": "",
      "D_O_B": "",
      "cnic": "",
      "phone_number": "",
      "email": "ammar@gmail.com",
      "password": "1234",
      "course": "psdc-2"
    },
    {
      "id": 6,
      "student_name": "name",
      "father_name": "",
      "D_O_B": "",
      "cnic": "",
      "phone_number": "",
      "email": "asd@a.com",
      "password": "123",
      "course": "pasdc",
      "deleted_at": null
    }
  ]
}